{"num_frozen":0,"trainable_ratio":1,"freeze_strategy":0,"_timestamp":1.7679781820336068e+09,"_runtime":2.033929768,"_step":0,"_wandb":{"runtime":6827},"num_trainable":20679268}