{"_step":0,"num_trainable":14151700,"num_frozen":6527568,"trainable_ratio":0.6843424051567009,"_wandb":{"runtime":6727},"freeze_strategy":2,"_timestamp":1.7679320065530572e+09,"_runtime":1.877116063}