{"num_trainable": 14151700, "num_frozen": 6527568, "trainable_ratio": 0.6843424051567009, "freeze_strategy": 2, "_timestamp": 1766987865.6481965, "_runtime": 4.526851415634155, "_step": 0, "_wandb": {"runtime": 6}}