{"train/loss":2.7365,"train_loss":2.993755410385132,"train/global_step":40000,"total_flos":3.3443289759744e+17,"_runtime":16037.798063406,"eval/samples_per_second":119.785,"train/grad_norm":0.3649490773677826,"after_training/wikitext2_ppl":34.85454177856445,"before_training/wsc_acc":0,"num_frozen":0,"after_training/wsc_acc":0,"_timestamp":1.7684062620991957e+09,"after_training/natural_questions_acc":0.004,"train/epoch":5.601498494503186,"after_training/lambada_acc":0.035,"num_trainable":124439808,"train_samples_per_second":40.387,"_wandb":{"runtime":16038},"train_steps_per_second":2.524,"before_training/wikitext2_ppl":44.1607780456543,"eval/loss":2.98297381401062,"train_runtime":15846.7148,"train/learning_rate":1.282051282051282e-08,"freeze_qkv_components":"all","before_training/lambada_acc":0.004,"before_training/natural_questions_acc":0.002,"_step":830,"eval/runtime":2.0036,"freeze_strategy":0,"eval/steps_per_second":14.973}