{"_wandb":{"runtime":6849},"_step":0,"num_trainable":7676260,"num_frozen":13003008,"trainable_ratio":0.37120559586538554,"freeze_strategy":3,"_timestamp":1.767978182627092e+09,"_runtime":1.989404291}