{"after_training/natural_questions_acc":0.003,"_runtime":47836.777274265,"num_trainable":124439808,"_timestamp":1.7681820673172681e+09,"total_flos":1.003294512119808e+18,"freeze_strategy":0,"eval/samples_per_second":113.351,"freeze_qkv_components":"all","train/epoch":16.804425460401934,"eval/steps_per_second":28.338,"train_runtime":47642.6667,"train/learning_rate":4.201680672268907e-09,"_step":2470,"after_training/lambada_acc":0.053,"train_samples_per_second":40.3,"after_training/wsc_acc":0,"train/loss":2.5519,"before_training/wikitext2_ppl":55671,"train_loss":2.911113351694743,"before_training/lambada_acc":0,"after_training/wikitext2_ppl":58.22142028808594,"train/grad_norm":0.4141329526901245,"eval/runtime":2.1173,"before_training/natural_questions_acc":0.004,"num_frozen":0,"train/global_step":120000,"eval/loss":2.896958589553833,"train_steps_per_second":2.519,"before_training/wsc_acc":0,"_wandb":{"runtime":47837}}