{"num_trainable": 14151700, "num_frozen": 6527568, "trainable_ratio": 0.6843424051567009, "freeze_strategy": 2, "_timestamp": 1766987405.8023012, "_runtime": 4.893141269683838, "_step": 0, "_wandb": {"runtime": 6}}