{"_step":1056,"_runtime":42930.887020095,"stage2/after/tinystories_ppl":5.208465099334717,"train_loss":1.7936573364257813,"train_samples_per_second":38.541,"_wandb":{"runtime":42930},"stage1/before/wikitext_ppl":58778.87890625,"_timestamp":1.768065142246217e+09,"train/global_step":20000,"train/epoch":0.6960153123368714,"eval/samples_per_second":120.078,"stage2/tinystories_improvement_pct":99.1517796106081,"eval/runtime":38.5,"stage1/improvement":58728.89126586914,"eval/steps_per_second":15.013,"train/loss":1.635,"train_runtime":8302.8274,"stage2/before/wikitext_ppl":49.987640380859375,"stage1/before/tinystory_ppl":57477.3671875,"eval/loss":1.5722278356552124,"stage2/wikitext_change":62.276100158691406,"stage1/after/wikitext_ppl":49.987640380859375,"stage2/forgetting_pct":124.58299628509243,"stage2/before/tinystories_ppl":614.0462036132812,"stage2/tinystories_improvement":608.8377385139465,"train_steps_per_second":2.409,"train/grad_norm":0.4347909390926361,"train/learning_rate":2.564102564102564e-09,"total_flos":1.6722690048e+17,"stage2/after/wikitext_ppl":112.26374053955078}