{"eval/samples_per_second":120.333,"stage2/forgetting_pct":124.49931833699543,"_runtime":42801.850500497,"stage2/after/tinystories_ppl":5.178762912750244,"stage1/before/wikitext_ppl":58778.87890625,"_wandb":{"runtime":42801},"stage2/before/tinystories_ppl":666.8202514648438,"stage2/tinystories_improvement":661.6414885520935,"stage1/improvement":58727.64603424072,"stage2/after/wikitext_ppl":115.01744842529297,"train_samples_per_second":38.631,"stage2/wikitext_change":63.784576416015625,"stage1/after/wikitext_ppl":51.232872009277344,"train/global_step":20000,"train_runtime":8283.5114,"train_steps_per_second":2.414,"eval/steps_per_second":15.045,"_timestamp":1.7680650220129087e+09,"train/learning_rate":2.564102564102564e-09,"eval/loss":1.5715630054473877,"_step":1056,"train/epoch":0.6960153123368714,"stage1/before/tinystory_ppl":57477.3671875,"train/grad_norm":0.4057520925998688,"stage2/before/wikitext_ppl":51.232872009277344,"eval/runtime":38.4184,"train_loss":1.7939184761047364,"total_flos":1.6722690048e+17,"stage2/tinystories_improvement_pct":99.22336448220135,"train/loss":1.6357}