{"stage1/improvement":58733.52876663208,"eval/samples_per_second":120.332,"train/learning_rate":2.564102564102564e-09,"stage2/after/wikitext_ppl":109.71525573730469,"train/epoch":0.6960153123368714,"stage2/before/wikitext_ppl":45.35013961791992,"stage2/forgetting_pct":141.9292568042087,"stage2/tinystories_improvement":714.0812397003174,"_step":1056,"train/grad_norm":0.4140394628047943,"stage2/wikitext_change":64.36511611938477,"stage1/before/tinystory_ppl":57477.3671875,"train/global_step":20000,"stage2/after/tinystories_ppl":5.211973190307617,"eval/steps_per_second":15.045,"train_steps_per_second":2.412,"train/loss":1.6355,"_timestamp":1.7680651751973555e+09,"train_loss":1.7937347938537598,"eval/loss":1.571582555770874,"train_runtime":8290.2819,"train_samples_per_second":38.599,"stage2/before/tinystories_ppl":719.293212890625,"total_flos":1.6722690048e+17,"stage1/after/wikitext_ppl":45.35013961791992,"stage1/before/wikitext_ppl":58778.87890625,"stage2/tinystories_improvement_pct":99.27540353545639,"_wandb":{"runtime":42955},"eval/runtime":38.4186,"_runtime":42955.357826045}