{"_runtime":42771.764370164,"eval/runtime":38.4247,"total_flos":1.6722690048e+17,"eval/samples_per_second":120.313,"stage2/after/tinystories_ppl":5.196126461029053,"train/grad_norm":0.42053914070129395,"train/global_step":20000,"train/loss":1.6348,"stage1/before/tinystory_ppl":57477.3671875,"stage2/tinystories_improvement_pct":99.01322381349537,"stage1/before/wikitext_ppl":58778.87890625,"stage2/forgetting_pct":137.80172281046953,"stage2/tinystories_improvement":521.3798623085022,"stage1/improvement":58733.79188537598,"_wandb":{"runtime":42771},"train_steps_per_second":2.415,"stage2/wikitext_change":62.13069152832031,"_step":1056,"_timestamp":1.7680649913849578e+09,"stage2/before/wikitext_ppl":45.08702087402344,"train/learning_rate":2.564102564102564e-09,"train_runtime":8280.9942,"stage2/before/tinystories_ppl":526.5759887695312,"eval/steps_per_second":15.042,"train_loss":1.7918933242797852,"stage1/after/wikitext_ppl":45.08702087402344,"eval/loss":1.570762276649475,"stage2/after/wikitext_ppl":107.21771240234375,"train_samples_per_second":38.643,"train/epoch":0.6960153123368714}