{"_wandb":{"runtime":104},"trainable_ratio":0.6843424051567009,"freeze_strategy":2,"_timestamp":1.7679195532369845e+09,"_runtime":2.172470437,"_step":0,"num_trainable":14151700,"num_frozen":6527568}