{"num_trainable": 14151700, "num_frozen": 6527568, "trainable_ratio": 0.6843424051567009, "freeze_strategy": 2, "_timestamp": 1766988578.6737797, "_runtime": 6.048948764801025, "_step": 0, "_wandb": {"runtime": 59}}