{"num_trainable": 14151700, "num_frozen": 6527568, "trainable_ratio": 0.6843424051567009, "freeze_strategy": 2, "_timestamp": 1766990648.4663153, "_runtime": 4.502428293228149, "_step": 0, "_wandb": {"runtime": 55}}