{"stage2/forgetting_pct":146.73308916567248,"_runtime":42850.479632208,"stage2/before/wikitext_ppl":43.91388702392578,"stage1/after/wikitext_ppl":43.91388702392578,"stage1/improvement":58734.965019226074,"eval/loss":1.5731399059295654,"stage1/before/wikitext_ppl":58778.87890625,"_wandb":{"runtime":42850},"stage1/before/tinystory_ppl":57477.3671875,"train/learning_rate":2.564102564102564e-09,"stage2/after/wikitext_ppl":108.35009002685547,"train/epoch":0.6960153123368714,"stage2/before/tinystories_ppl":540.224365234375,"train_runtime":8290.5377,"stage2/wikitext_change":64.43620300292969,"train_loss":1.7934998001098632,"train_steps_per_second":2.412,"eval/steps_per_second":14.994,"train_samples_per_second":38.598,"eval/samples_per_second":119.927,"train/loss":1.6353,"train/grad_norm":0.41937538981437683,"train/global_step":20000,"stage2/tinystories_improvement":535.0257921218872,"stage2/tinystories_improvement_pct":99.03770110216476,"eval/runtime":38.5486,"_step":1056,"_timestamp":1.7680650709777808e+09,"total_flos":1.6722690048e+17,"stage2/after/tinystories_ppl":5.198573112487793}