{"freeze_qkv_components":"all","after_training/natural_questions_acc":0.001,"eval/steps_per_second":14.963,"after_training/wikitext2_ppl":36.0181770324707,"eval/samples_per_second":119.706,"before_training/lambada_acc":0,"_timestamp":1.768390160602754e+09,"after_training/lambada_acc":0.059,"num_frozen":0,"eval/runtime":2.0049,"after_training/wsc_acc":0,"train_samples_per_second":40.406,"before_training/wikitext2_ppl":138.68421936035156,"train_loss":3.404756130981445,"before_training/wsc_acc":0,"_wandb":{"runtime":16026},"train/global_step":40000,"train/epoch":5.601498494503186,"num_trainable":124439808,"eval/loss":3.0492260456085205,"before_training/natural_questions_acc":0,"train/loss":2.9879,"train_steps_per_second":2.525,"freeze_strategy":0,"train/learning_rate":1.282051282051282e-08,"train_runtime":15839.2595,"total_flos":3.3443289759744e+17,"train/grad_norm":0.3544859290122986,"_runtime":16025.866220451,"_step":830}