{"before_training/lambada_acc":0.004,"after_training/wsc_acc":0,"num_trainable":124439808,"after_training/natural_questions_acc":0.002,"eval/steps_per_second":15.039,"freeze_qkv_components":"all","_step":830,"_timestamp":1.768406235836374e+09,"before_training/natural_questions_acc":0.001,"train_samples_per_second":40.443,"train_loss":2.9938695789337157,"after_training/lambada_acc":0.037,"_runtime":16012.4162854,"train_runtime":15824.8944,"after_training/wikitext2_ppl":34.711143493652344,"eval/runtime":1.9949,"before_training/wikitext2_ppl":44.091983795166016,"_wandb":{"runtime":16013},"train/learning_rate":1.282051282051282e-08,"total_flos":3.3443289759744e+17,"num_frozen":0,"train_steps_per_second":2.528,"train/epoch":5.601498494503186,"train/global_step":40000,"freeze_strategy":0,"before_training/wsc_acc":0,"train/grad_norm":0.3672468960285187,"eval/samples_per_second":120.308,"train/loss":2.7366,"eval/loss":2.9824435710906982}