{"num_frozen":19573632,"trainable_ratio":0.05346591571809989,"freeze_strategy":4,"_timestamp":1.7679781684630444e+09,"_runtime":1.644005497,"_step":0,"_wandb":{"runtime":6691},"num_trainable":1105636}