{"before_training/wsc_acc":0,"eval/loss":3.1993937492370605,"before_training/wikitext103_ppl":57363.03125,"after_training/wsc_acc":0,"reinit_method":"xavier_normal","before_training/lambada_acc":0,"total_flos":6.68861614522368e+17,"train/epoch":11.202926965898747,"train_loss":3.534100935745239,"train_samples_per_second":45.35,"after_training/natural_questions_acc":0.001,"eval/samples_per_second":113.49,"after_training/wikitext103_ppl":42.76658630371094,"train/learning_rate":6.3291139240506335e-09,"_runtime":28419.551629311,"train_steps_per_second":2.834,"_timestamp":1.7684706999746733e+09,"after_training/lambada_acc":0.062,"freeze_qkv_components":"all","before_training/natural_questions_acc":0.003,"eval/steps_per_second":28.372,"num_reinitialized_layers":48,"_wandb":{"runtime":28420},"train_runtime":28225.0614,"num_frozen":56669184,"eval/runtime":2.1147,"train/loss":3.1742,"num_trainable":67770624,"train/grad_norm":0.3401770293712616,"freeze_strategy":3,"train/global_step":80000,"_step":1651}