{"num_trainable":0,"num_frozen":20679268,"_wandb":{"runtime":8},"trainable_ratio":0,"freeze_strategy":-1,"_timestamp":1.7680023928962133e+09,"_runtime":1.7688499119999999,"_step":0}