{"num_frozen":6527568,"trainable_ratio":0.6843424051567009,"freeze_strategy":2,"_timestamp":1.767920179881586e+09,"_runtime":1.660890218,"_step":0,"num_trainable":14151700,"_wandb":{"runtime":166}}