{"freeze_strategy":0,"num_frozen":0,"freeze_qkv_components":"all","_runtime":16024.342003956,"before_training/wikitext2_ppl":41.294166564941406,"train/global_step":40000,"after_training/lambada_acc":0.061,"eval/samples_per_second":119.775,"num_trainable":124439808,"before_training/lambada_acc":0.057,"after_training/natural_questions_acc":0.001,"train/learning_rate":1.282051282051282e-08,"train/epoch":5.601498494503186,"train_loss":3.1153525691986084,"eval/loss":3.030977964401245,"_step":830,"train_runtime":15834.8862,"before_training/wsc_acc":0,"eval/steps_per_second":14.972,"train/grad_norm":0.33230215311050415,"_wandb":{"runtime":16025},"before_training/natural_questions_acc":0,"train/loss":2.9004,"eval/runtime":2.0038,"after_training/wikitext2_ppl":39.280975341796875,"_timestamp":1.7684059032763374e+09,"total_flos":3.3443289759744e+17,"train_samples_per_second":40.417,"train_steps_per_second":2.526,"after_training/wsc_acc":0}