{"stage2/tinystories_improvement":437.76663637161255,"stage1/before/tinystory_ppl":57477.3671875,"eval/samples_per_second":120.229,"train/learning_rate":2.564102564102564e-09,"stage2/before/wikitext_ppl":46.38028335571289,"train_runtime":8282.4685,"train/global_step":20000,"eval/steps_per_second":15.032,"train/loss":1.6348,"stage2/wikitext_change":68.44427108764648,"stage2/after/tinystories_ppl":5.211421489715576,"stage1/before/wikitext_ppl":58778.87890625,"train_loss":1.7920847564697266,"stage2/forgetting_pct":147.57191232040168,"stage2/after/wikitext_ppl":114.82455444335938,"total_flos":1.6722690048e+17,"_step":1056,"train_samples_per_second":38.636,"train_steps_per_second":2.415,"stage2/before/tinystories_ppl":442.9780578613281,"stage2/tinystories_improvement_pct":98.82354861663441,"stage1/improvement":58732.49862289429,"eval/loss":1.5708950757980347,"eval/runtime":38.4517,"train/epoch":0.6960153123368714,"train/grad_norm":0.41566577553749084,"_runtime":42768.496133001,"stage1/after/wikitext_ppl":46.38028335571289,"_wandb":{"runtime":42768},"_timestamp":1.7680649808698256e+09}