{"train/learning_rate":1.282051282051282e-08,"train_samples_per_second":40.395,"total_flos":3.3443289759744e+17,"train_steps_per_second":2.525,"after_training/wsc_acc":0,"before_training/wikitext2_ppl":138.68421936035156,"train_loss":3.4047564151763914,"num_frozen":0,"before_training/lambada_acc":0,"_runtime":16029.248546322,"train_runtime":15843.4408,"before_training/wsc_acc":0,"train/loss":2.9879,"after_training/natural_questions_acc":0.001,"train/epoch":5.601498494503186,"num_trainable":124439808,"_step":830,"eval/samples_per_second":119.71,"freeze_qkv_components":"all","train/global_step":40000,"freeze_strategy":0,"eval/steps_per_second":14.964,"before_training/natural_questions_acc":0,"_wandb":{"runtime":16030},"eval/runtime":2.0048,"_timestamp":1.7683901647976527e+09,"train/grad_norm":0.35453882813453674,"after_training/lambada_acc":0.059,"after_training/wikitext2_ppl":36.02035903930664,"eval/loss":3.0492324829101562}