{"eval/runtime":2.114,"_runtime":31919.669375886,"eval/samples_per_second":113.531,"train_steps_per_second":2.522,"eval/loss":2.899315357208252,"before_training/wikitext103_ppl":55671,"train/grad_norm":0.4093906581401825,"total_flos":6.68861614522368e+17,"num_trainable":124439808,"_wandb":{"runtime":31920},"after_training/lambada_acc":0.059,"train/learning_rate":6.3291139240506335e-09,"train/epoch":11.202926965898747,"train_samples_per_second":40.345,"after_training/wsc_acc":0,"num_frozen":0,"train/global_step":80000,"before_training/lambada_acc":0,"train_loss":3.0389807397842405,"after_training/wikitext103_ppl":60.67933654785156,"_step":1650,"train/loss":2.6218,"train_runtime":31726.4021,"freeze_strategy":0,"freeze_qkv_components":"all","before_training/natural_questions_acc":0.004,"after_training/natural_questions_acc":0.002,"before_training/wsc_acc":0,"eval/steps_per_second":28.383,"_timestamp":1.7684742228193262e+09}