{"after_training/wikitext2_ppl":38.133522033691406,"train/loss":2.9024,"before_training/natural_questions_acc":0,"freeze_qkv_components":"all","after_training/natural_questions_acc":0,"num_frozen":0,"eval/samples_per_second":119.179,"after_training/lambada_acc":0.058,"train/learning_rate":1.282051282051282e-08,"train_steps_per_second":2.497,"before_training/wsc_acc":0,"before_training/wikitext2_ppl":40.53358840942383,"eval/steps_per_second":14.897,"train/epoch":5.601498494503186,"_wandb":{"runtime":16216},"_runtime":16215.609972521,"total_flos":3.3443289759744e+17,"eval/runtime":2.0138,"train/global_step":40000,"_timestamp":1.768403747740521e+09,"freeze_strategy":0,"train_samples_per_second":39.946,"before_training/lambada_acc":0.065,"num_trainable":124439808,"_step":830,"train/grad_norm":0.33378124237060547,"eval/loss":3.030691623687744,"train_runtime":16021.7929,"after_training/wsc_acc":0,"train_loss":3.11669444732666}